Exports of Crude Oil (Thousand Barrels per Day),Commercial Crude Oil Imports Excluding SPR (Thousand Barrels per Day),Ending Stocks of Crude Oil and Petroleum Products  (Thousand Barrels),Field Production of CrudeOil (Thousand Barrels per Day),Ending Stocks excluding SPR of CrudeOil (Thousand Barrels),Refiner Net Input of CrudeOil (Thousand Barrels per Day),Cushing OK WTI Spot Price FOB (Dollars per Barrel),Europe Brent Spot Price FOB (Dollars per Barrel)
138,5542,1654304,7463,331172,12973,21.3,20.63
138,5527,1653683,7427,337091,12931,22.12,20.44
242,4934,1633707,7415,335996,13107,19.38,18.13
242,4983,1638352,7404,336208,13164,18.73,18.66
167,5430,1635503,7394,334536,13082,19.86,19.77
167,4912,1627396,7412,340911,12817,19.89,19.28
167,5388,1629918,7385,341784,12676,20.3,18.8
167,5279,1627979,7383,346521,12598,19.58,18.28
122,5454,1629322,7356,340620,12871,19.63,17.95
122,6290,1630216,7334,345118,12906,20.89,19.17
122,4663,1625523,7370,342032,12950,21.48,19.71
122,5418,1637824,7346,347576,13162,21.19,19.63
127,5294,1638914,7295,343856,13408,21.23,19.72
127,6471,1637651,7303,343621,13446,21.69,19.81
127,5895,1652670,7280,349613,13325,20.95,18.9
127,6177,1664719,7336,349040,13407,21.04,18.82
127,6633,1679501,7323,355917,14002,21.21,18.87
156,6958,1681735,7301,356050,13675,20.63,18.55
156,6093,1685522,7359,356849,13928,19.84,17.86
156,5937,1683802,7338,355471,13989,20.08,18.06
156,7128,1685311,7377,352418,13860,20.21,18.2
115,4904,1690142,7383,353697,13662,20.8,18.55
115,5984,1699130,7365,352642,13415,21.43,19.24
115,6589,1701236,7348,350857,13839,21.91,20.02
115,5773,1709752,7355,347088,13827,21.4,19.66
126,5780,1705064,7342,347764,13597,21.46,19.57
126,6690,1692321,7228,349478,13697,21.5,19.52
126,7270,1697171,7302,347545,13705,21.44,19.39
126,6431,1701149,7215,352849,13831,21.99,20.09
126,6143,1702646,7274,354751,14000,21.98,20.17
73,6513,1712016,7150,345143,14164,21.84,20.34
73,5818,1715077,7267,338576,13928,21.54,20.08
73,6676,1716729,7327,338707,13817,21.85,20.47
73,6521,1707271,7365,343414,13467,22.24,20.94
145,4814,1701910,7381,341993,13555,22.41,21.49
145,5587,1693249,7387,345326,13330,23.08,22.11
145,5849,1684835,7381,342866,13008,23.82,22.75
139,5785,1688342,7384,351687,12736,23.46,22.54
139,5025,1688616,7359,345609,12716,23.32,22.05
139,5877,1684678,7140,349424,12532,23.47,22.18
139,5983,1671221,7426,354560,12805,22.57,21.36
139,5927,1670772,7388,348552,13306,22.04,20.76
140,4403,1670883,7226,343095,13020,21.49,19.85
120,6738,1658008,7376,348669,12875,20.55,19.24
120,6094,1655782,6731,342631,13463,19.64,18.45
120,5403,1644306,7451,338479,13631,19.2,18.31
117,5614,1632811,7449,328399,13524,18.68,17.73
130,4437,1619851,7422,333870,13307,19.11,18.18
130,6778,1612133,7410,337361,13311,18.41,17.77
130,5962,1602666,7235,336185,12960,18.81,18.37
129,5252,1600722,7343,341856,12595,18.66,18.11
129,5819,1597594,7357,337440,12432,19.05,18.28
145,4308,1595943,7382,337240,12705,19.42,18.47
145,6287,1599417,7364,335433,12339,19.49,18.58
145,4278,1600127,7329,338608,12380,18.62,17.74
137,6240,1589476,7365,345629,12234,18.51,17.42
144,5149,1580102,7357,352199,12271,18.55,17.28
144,5429,1574376,7345,346754,12739,18.76,17.4
144,5625,1567456,7324,350285,13033,19.1,17.73
138,5155,1558783,7283,344765,13072,19.09,17.75
137,5512,1550646,7327,340655,13308,19.73,18.52
137,6782,1555281,7277,349110,13201,20.43,19.01
137,5999,1557364,7353,351916,13213,20.06,18.86
127,5597,1568817,7238,352718,13241,20.06,18.86
127,5546,1571377,7235,354682,13140,20.63,19.37
126,6114,1579896,7248,354022,13110,20.86,19.76
126,5635,1588776,7160,355317,13510,20.8,19.79
126,7003,1600147,7205,350728,13493,20.49,19.49
126,5685,1618435,7219,348082,13782,21.98,20.68
108,5936,1622831,7240,348257,13844,22.38,21.08
108,6238,1630655,7228,349053,13821,22.35,21.21
108,6183,1631321,7218,342752,13943,22.26,21.16
108,5238,1630160,7194,331848,14214,22.68,21.31
120,5559,1629516,7221,330901,14029,22.03,20.62
120,7504,1635642,7125,333564,14126,21.48,19.95
120,6560,1637820,7144,327199,14083,21.58,20.02
117,6708,1640365,7095,327173,13997,21.95,20.26
117,6505,1643574,7059,332964,13821,21.95,20.58
106,6002,1644310,7124,331310,13942,21.34,19.88
106,7644,1644312,6990,330317,13864,21.18,19.68
106,6227,1657352,7120,334921,13809,21.39,19.79
105,6103,1664018,6678,327469,13219,21.43,19.62
116,5700,1661002,6847,329079,13083,21.66,19.9
116,6337,1660537,6955,328396,13866,21.94,20.28
116,6639,1667040,7012,329232,13726,22.21,20.45
117,5972,1667718,7049,324498,13711,21.71,20.35
119,5954,1664618,7046,327598,13766,21.81,20.26
119,6443,1665345,7011,326819,13485,21.9,20.33
119,7944,1653884,7032,329063,13457,22.25,20.76
115,5929,1652625,7036,330088,13632,21.58,20.37
115,6835,1644683,7041,333494,13627,20.95,19.55
111,6327,1640191,7011,327253,13634,20.52,19.19
111,5633,1642625,6954,320212,13662,20.37,19.25
111,6593,1641311,6987,325768,13408,20.35,19.28
111,6141,1642188,7064,327315,13619,20.16,19.12
121,6242,1647340,7074,326580,13514,19.38,18.57
121,6681,1644180,7087,332152,13201,19.01,18.12
121,6411,1633198,7098,331833,13275,19.38,18.04
121,5277,1624221,7053,320044,13217,19.91,18.23
121,5650,1629989,6995,320634,13318,19.63,17.87
114,7060,1629219,7015,318002,13047,19,17.51
114,6171,1625106,6994,325933,13022,18.62,17.05
114,6216,1616769,7043,324767,13124,18.61,16.98
114,6782,1603280,7035,326769,13075,19.9,18
119,6419,1593931,7031,330592,12873,20.22,18.58
119,6294,1585403,7033,337283,13055,20.13,18.45
119,5511,1583871,6960,326961,13223,19.51,18.05
110,6801,1596743,6981,334844,12809,20.4,18.81
109,5636,1593345,7018,340785,12855,20.69,19.15
109,7382,1589302,6981,346392,12991,20.45,19.02
109,5474,1589135,6979,333210,13258,20.14,18.66
109,6996,1576445,6964,341108,13117,20,18.42
108,5512,1570204,6971,341627,13397,20.44,18.73
108,7243,1569731,6883,353151,12920,20.37,18.71
108,6406,1577360,6896,343891,13446,20.28,18.67
108,6662,1574716,6912,344986,13857,19.95,18.56
111,7518,1572970,6913,347683,13867,20.3,18.67
109,6495,1575218,6902,348105,13715,20.47,18.97
109,6974,1581416,6846,353557,13643,20.06,18.76
109,6618,1581417,6818,356671,13781,19.43,18.15
109,6651,1591315,6842,352853,13999,19.84,18.25
110,5807,1597374,6789,351092,14008,19.95,18.34
110,7341,1609658,6817,343178,14054,19.43,18.06
110,7764,1604424,6766,352431,14156,18.76,17.31
103,6658,1611983,6749,358721,14099,18.52,17.2
104,6121,1616243,6742,350567,14278,18.61,17.15
104,6629,1622110,6772,353989,14325,18.02,16.8
104,8226,1615629,6643,362155,14226,17.72,16.66
104,5510,1618064,6540,356628,14208,17.54,16.68
107,6369,1626772,6730,352211,14119,18.18,16.95
108,6784,1624412,6753,353008,14229,17.67,16.6
108,6277,1623143,6761,348502,14072,17.87,16.61
108,5974,1630186,6774,343775,13986,17.84,16.72
112,7698,1616970,6790,345131,13978,18.49,16.85
107,6429,1616454,6734,338562,13852,18.1,16.53
107,6186,1624672,6665,339884,13837,16.96,15.78
107,6324,1631398,6706,339673,13902,16.94,15.47
107,6429,1633553,6650,330147,13873,17.67,16.03
107,6264,1635838,6684,327688,13956,18.33,16.72
100,6763,1634069,6654,331946,13894,18.46,16.9
100,7513,1638238,6772,327072,13909,18.57,16.96
100,6639,1646827,6837,334497,13581,18.12,16.61
100,7180,1644892,6868,336281,13693,17.37,15.86
114,5648,1646926,6872,333462,13677,17.29,15.76
114,7942,1639925,6882,338473,13675,16.71,15.22
114,6624,1641995,6847,332961,13754,16.75,15.36
114,5620,1646166,6878,334354,13621,16.08,14.87
119,7748,1645912,6943,339787,13798,15.21,14.16
119,7249,1645023,6923,346115,13713,14.68,13.73
119,6635,1635454,6897,348525,13669,14.31,13.99
115,5727,1611406,6854,348357,13451,14.4,13.52
115,6758,1609377,6857,341820,13806,14.21,13.17
105,6598,1611309,6875,334900,13387,15.03,14.18
105,6037,1621616,6880,334706,13579,14.67,14
105,5618,1618128,6845,329228,13408,15.02,14.22
103,5877,1610394,6886,332318,13050,15.34,14.64
107,7067,1604243,6836,336224,13207,15.76,15.13
107,5978,1611311,6802,331869,13388,14.87,13.91
107,6429,1597451,6546,334897,13405,14.13,13.18
103,5954,1594454,6792,327715,13064,14.44,13.24
103,6095,1588779,6763,335419,12751,14.68,13.5
103,5696,1593748,6704,330343,12928,14.24,13.3
103,7316,1574891,6728,342246,12814,14.82,14.18
103,5646,1580060,6599,337115,12645,15.15,14.59
101,6731,1591319,6683,337311,12861,14.44,13.4
101,6726,1603430,6641,337826,13162,15.65,14.34
101,6363,1594400,6711,339757,13715,16.07,15.01
101,7763,1600300,6292,339835,14204,17.02,15.56
102,7303,1602070,6748,340745,14175,16.93,15.84
102,7657,1595733,6706,334779,14328,17.2,16
102,7347,1600105,6657,333841,14439,17.93,16.29
102,6627,1603566,6732,335495,14077,18.21,16.08
102,6674,1620495,6629,334401,14278,18.14,16.35
100,7382,1634000,6695,329665,14277,18.24,16.27
100,7134,1631808,6530,326856,14445,18.26,16.06
100,8890,1644600,6648,325289,14220,19.61,16.67
100,8027,1657591,6656,328768,14463,19.8,17.44
101,7124,1651300,6604,329738,14461,19.16,17.34
99,7807,1665700,6591,329912,14207,19.39,17.06
99,8550,1671878,6618,333094,14434,20.16,18.09
99,7183,1667800,6522,336351,14280,19.39,17.42
99,8155,1671063,6566,330499,14243,19.66,17.82
101,6427,1671954,6582,327846,14407,20.09,18.44
101,8256,1668881,6521,330961,14516,18.88,17.51
101,7549,1659599,6540,328124,14493,17.85,16.43
103,6987,1665451,6583,325680,14529,17.23,15.59
102,8544,1665445,6552,325456,14438,17.52,15.93
102,7124,1666856,6545,325194,14563,17.65,15.91
102,8414,1667720,6526,326649,14179,16.93,15.45
102,6745,1660452,6595,332544,14083,17.38,15.85
103,8059,1661166,6640,335815,14099,17.83,16.35
103,7208,1666750,6692,334805,13787,18.13,16.72
103,6961,1657993,6703,339245,13533,17.37,16.07
103,7018,1666297,6703,337416,13478,17.35,16.21
102,6893,1672702,6633,346751,13074,17.93,16.82
101,6564,1669040,6620,345685,13531,18.69,17.58
101,7601,1673901,6616,344957,13573,18.25,17.46
101,7398,1666274,6668,341979,13969,17.51,16.8
101,7161,1671963,6626,339507,14294,17.73,17.06
98,6224,1683654,6472,339113,14253,17.78,16.85
98,7030,1684486,6670,337625,13777,16.99,16
98,7222,1678663,6655,336970,13990,16.86,15.72
98,6566,1678172,6703,337656,13938,17.1,15.62
99,7334,1671288,6675,330266,14113,17.71,16.19
100,7136,1657788,6651,332200,14304,17.62,16.07
100,6442,1655100,6672,330918,13890,17.55,16.23
100,6521,1640747,6571,324504,13538,18.45,16.88
101,6465,1627873,6526,324223,13340,18.34,16.85
101,5795,1625917,6662,327376,13417,18.5,16.99
101,7901,1614991,6595,321042,13405,18.42,16.97
101,6489,1614010,6613,328405,13563,18.55,17.1
101,5781,1604915,6546,322834,13381,18.75,17.18
102,6104,1605254,6660,325352,13714,18.5,16.93
102,8029,1602471,6598,325837,13702,18.27,16.7
102,6696,1612763,6632,326376,13414,18.13,16.41
102,6088,1603375,6474,330426,13439,18.69,17.17
102,8135,1581392,6380,338187,13516,19.12,17.94
99,6723,1578984,6554,335372,13551,19.43,18.24
99,6191,1587011,6597,336556,13682,19.53,18.37
99,8199,1593697,6603,339578,14257,20.26,18.9
99,8139,1589547,6539,335471,14154,20.29,19.07
98,5800,1593259,6604,333511,13983,20.24,18.81
98,7709,1601528,6610,334334,13983,19.74,18.26
98,7597,1600668,6598,330185,14331,19.98,18.42
95,6871,1598753,6626,327166,14666,19.37,18.24
91,7419,1606390,6592,325245,14665,18.92,17.65
91,7037,1606616,6593,324692,14752,19.05,17.98
91,9337,1608086,6560,324203,14710,18.91,17.76
91,6503,1611568,6529,316736,14731,17.88,16.67
92,7948,1618637,6545,320462,14512,17.71,16.64
81,6455,1624896,6518,318831,14365,17.28,16.11
81,7884,1632369,6448,318814,14474,17.34,15.92
81,6733,1639064,6417,311931,14289,17.21,15.65
81,7390,1640042,6484,314880,14323,17.41,15.75
78,7439,1640054,6444,308000,14313,17.72,16.02
78,8483,1643614,6476,310505,14244,17.81,16.07
78,7781,1646234,6475,303115,14156,17.6,15.89
78,7402,1651856,6483,306068,14188,19.02,16.29
83,6522,1652900,6507,313760,14473,17.88,16.22
81,8563,1661224,6491,309158,14582,18.37,16.69
81,8227,1665985,6248,308251,14604,18.72,16.94
81,7195,1669965,6414,307701,14310,18.32,16.89
85,7546,1678584,6450,302646,14351,17.55,16.37
88,6129,1679893,6215,298668,14040,17.29,16.23
88,7416,1675799,6404,298643,13458,17.28,15.98
88,7568,1669956,6497,300819,13671,17.51,15.96
84,6986,1669655,6512,302343,13676,17.56,16.12
92,6530,1666330,6539,305535,13609,17.79,16.65
92,7695,1665188,6516,303909,13433,17.76,16.79
92,8060,1663254,6493,313518,13769,18.06,16.75
92,7560,1663863,6484,319597,13902,17.99,16.82
91,7182,1673891,6450,316519,14203,18.32,17.21
90,8066,1662147,6428,312259,14302,18.74,17.53
90,6990,1661467,6411,318121,14020,19.02,17.78
90,6192,1648881,6467,312264,13876,19.12,18.14
90,6963,1638641,6474,302038,14049,19.44,18.72
87,6926,1640719,6464,302691,13980,19.99,19.18
87,7504,1640599,6498,305619,13733,19.43,18.53
87,7240,1632081,6516,309897,13830,18.64,17.61
87,6937,1628083,6405,308152,13693,18.35,17.19
87,7002,1627957,6413,305941,13651,17.64,16.64
88,6427,1617083,6505,303707,13610,17.72,16.99
88,7504,1615046,6511,300647,13582,18.8,17.98
88,5543,1603275,6501,300990,13443,21.45,18.79
88,6235,1606759,6496,297914,13672,19.49,18.77
91,6986,1603576,6461,306139,13638,19.72,18.84
91,6923,1602379,6490,300870,13649,20.8,19.3
91,6598,1606516,6473,299653,13690,23.16,20.55
91,7396,1607075,6440,297590,14055,22.03,20.98
100,7360,1600411,6441,299811,14001,22.49,20.94
100,7535,1597993,6390,301210,14162,23.95,22.67
100,7231,1603445,6425,297181,14193,24.34,20.52
100,7852,1597942,6173,296811,14223,23.8,20.28
99,7223,1598451,6454,304004,14268,21.16,19.47
99,8578,1602634,6065,302302,14153,20.98,19.63
99,7564,1601060,6363,297850,14104,21.06,19.06
98,6865,1611907,6412,298978,14469,22.24,19.2
98,8116,1614520,6392,310915,14525,20.37,18.67
284,7524,1616076,6421,308884,14561,20.04,18.31
98,8676,1618550,6515,305874,14467,20.15,18.16
98,7587,1611139,6452,306730,14505,20.95,18.56
98,8366,1614324,6489,313583,14531,20.55,18.8
98,7860,1618592,6499,315440,14361,21.4,19.62
98,7601,1624681,6499,312913,14386,21.65,19.8
98,7870,1619016,6345,309075,14361,21.8,19.93
96,7683,1613865,6394,310190,14277,20.96,19.3
282,8143,1608700,6297,307429,14384,20.66,19.07
96,8044,1612312,6286,306268,14494,21.35,19.73
96,9060,1602940,6445,308148,14331,22.25,20.95
96,7969,1604198,6481,317849,14391,22.5,21.15
97,7304,1619073,6526,312784,14362,21.82,20.78
211,7563,1615408,6497,309345,14432,23.48,22.18
97,7801,1616668,6498,307358,14428,24.42,23.08
97,7483,1617564,6467,308534,14469,23.52,22.11
197,6280,1624399,6520,303421,14536,24.33,22.85
97,8177,1616775,6485,303152,14564,24.44,23.59
97,7654,1614243,6485,299851,14106,24.93,24.18
97,8736,1611429,6523,305592,14146,25.45,24.77
396,8468,1605504,6514,302533,14296,25.15,24.7
96,6881,1604810,6513,312569,14388,23.91,23.2
210,8481,1595084,6541,307439,13779,22.92,21.99
282,6952,1601841,6531,304974,14061,23.9,22.88
210,7150,1609470,6512,300178,14341,24.03,23.21
96,6143,1604122,6538,300405,14327,24.21,23.05
97,8491,1594921,6534,299649,14433,25.14,24.18
283,7848,1595831,6518,296702,14269,24.2,23.27
211,7150,1579210,6523,290599,14292,26.02,23.97
97,7730,1571063,6506,293041,14239,25.44,23.57
98,6021,1563891,6454,284518,14081,25.59,24.12
284,7396,1562524,6499,289570,13771,26.3,24.67
212,7417,1566117,6476,288105,13634,25.42,23.23
398,8144,1559527,6513,291477,13505,24.4,22.9
99,7113,1552891,6505,297512,13733,24.24,22.98
235,8316,1536556,6483,300960,13257,23.49,22.53
99,6905,1521465,6502,305445,13229,22.21,20.83
99,7403,1515402,6496,305281,13401,22.18,20.54
98,7331,1510163,6501,299858,13482,20.83,19.83
98,7742,1514138,6440,305088,13670,20.77,19.36
98,7753,1503011,6449,305198,13758,20.64,19.1
98,7135,1495305,6391,304110,14110,21.72,19.51
99,7870,1493186,6409,310456,14204,20.83,18.73
99,8006,1491077,6493,310297,14246,19.76,17.84
99,7782,1497312,6433,312921,14208,19.38,17.14
99,8418,1499026,6412,314371,14257,19.65,17.33
99,7853,1505462,6465,317197,14095,19.85,17.76
102,8203,1515714,6409,317291,14386,19.99,18.08
102,7796,1516839,6430,323686,14867,19.94,18.06
102,7505,1517534,6426,318251,14886,21.45,19.42
102,8187,1515792,6423,321465,15070,21.43,19.91
102,8267,1531946,6439,325667,15364,20.9,19.15
102,8899,1536076,6435,325265,15269,20.12,18.3
102,9567,1538363,6415,324009,15109,18.88,16.88
102,7213,1538690,6334,323546,15174,18.93,17.27
102,8097,1540773,6357,317819,15101,19,17.74
102,8577,1546821,6338,322816,14867,19.95,18.41
102,7684,1548138,6351,320357,15157,19.44,18.17
102,8375,1544874,6352,318372,15036,19.49,18.26
102,8269,1538751,6337,308482,14867,19.52,18.57
102,7620,1535170,6360,307768,15089,20.13,18.96
102,8882,1533554,6127,312906,14871,20.35,19.17
102,8828,1536871,6221,313530,15090,19.99,18.63
102,8367,1546243,6387,308276,15335,19.92,18.6
102,8101,1543033,6400,306674,15459,19.5,17.83
101,7705,1540045,6362,300592,15442,19.61,18.1
101,9311,1537918,6393,304386,15398,19.44,18.11
101,8564,1541422,6366,300503,15317,19.44,18.22
102,8687,1539170,6396,301821,15273,20.12,18.83
102,9625,1537875,6375,306449,15199,21.62,20.14
102,8221,1531241,6371,304277,15303,22.01,20.75
102,8017,1531033,6408,300979,14881,21.03,19.55
102,7633,1527316,6407,305584,14708,21,19.56
101,7994,1538623,6400,311603,14782,20.92,19.27
101,7529,1527232,6418,310423,14550,20.65,19.14
101,9475,1520349,6385,315709,14346,20.66,19.59
101,7608,1513573,6390,319483,14801,19.81,19.2
101,8391,1516970,6416,322303,14946,19.3,18.85
102,8007,1519951,6448,317501,14863,18.69,17.92
102,7140,1507814,6440,320041,14958,18.44,17.32
102,8175,1491881,6463,316072,14913,18.31,17.04
102,6987,1493105,6462,312820,15031,18.31,17.06
102,7241,1496278,6459,306418,14983,17.58,16
103,8733,1500257,6430,305339,14810,16.83,15.38
103,8960,1491411,6376,316551,14530,16.47,14.92
103,8114,1492435,6359,322237,14335,16.02,14.72
103,7448,1491553,6377,321615,14190,17.3,15.61
102,8323,1490681,6412,321607,14396,16.65,14.92
102,8242,1491274,6424,323309,13957,16.25,14.36
102,6580,1485712,6415,326192,13849,16.03,13.68
102,7170,1487008,6368,324593,13863,15.3,13.32
102,7726,1495556,6440,323672,14450,15.23,13.13
102,7683,1493432,6420,321615,14554,14.4,12.31
102,8178,1491921,6336,328084,14553,14.04,11.95
102,9213,1494693,6405,329678,14683,16.42,14.61
104,8117,1495742,6443,331245,14681,15.98,13.79
104,8347,1504301,6407,336575,14874,15.55,12.99
104,10168,1505820,6417,341582,15381,15.53,13.55
104,7978,1512371,6397,341885,14947,14.5,13.64
104,8312,1500737,6422,344085,15340,15.71,14
104,8612,1512297,6422,343422,14954,15.48,13.95
104,8504,1512968,6378,354645,15061,15.03,14.39
104,7959,1522347,6368,351399,15340,13.91,14.56
104,8738,1544013,6346,347111,15595,14.99,14.45
104,9806,1551716,6333,345962,15238,15.02,13.63
104,8875,1555379,6372,343264,15481,13.42,12.46
104,8193,1556860,6383,341610,15481,12.04,10.92
104,10018,1552815,6269,343271,15408,14.17,11.96
105,7704,1559352,6311,340381,15280,14.41,11.87
105,9250,1559226,6354,333749,15724,13.94,11.66
105,9209,1556534,6351,339290,15673,14.48,12.04
105,9264,1544896,6354,343119,15651,13.89,12.12
106,9369,1553217,6340,343802,15521,14.24,12.61
106,9345,1557652,6336,344765,15427,13.83,12.1
106,9958,1557679,6319,344229,15615,13.12,11.39
106,8993,1559039,6315,337354,15716,13.33,12
106,9379,1559047,6346,337036,15763,13.65,12.16
104,8487,1563854,6349,328082,15520,13.98,12.42
104,8631,1573235,6366,325700,15560,14.45,12.61
104,7476,1576482,6411,316361,15094,14.88,12.92
104,9114,1578806,6396,319458,14898,15.78,14.55
105,8222,1583788,5950,322168,13953,15.83,14.43
105,8663,1584292,6368,328957,13684,15.02,13.61
105,8158,1583314,6418,332502,13577,14.21,12.45
105,8176,1586075,6442,336239,13868,13.81,11.74
105,8201,1590941,6417,340014,14612,14.34,12.35
105,8920,1583672,6398,339189,14905,14.13,11.9
105,7770,1584457,6401,336654,15050,13.63,11.36
105,9501,1583287,6399,341811,14805,12.4,10.56
105,7976,1586741,6401,336243,14713,11.62,10.56
104,9233,1580777,6390,334809,14751,11.28,9.85
104,9152,1580370,6390,338228,14799,11.16,9.44
104,8794,1569838,6449,339708,14705,11.5,9.89
104,8982,1564383,6437,337050,15153,11,9.78
104,7569,1564301,6342,321828,15404,11.83,10.41
104,8488,1567134,6393,324368,15263,12.67,10.94
104,8944,1575500,6373,327075,14914,12.62,11.36
104,8458,1574550,6352,330248,14163,12.26,11.04
104,8559,1572642,6363,332830,14257,12.46,11.11
104,8405,1574462,6369,333400,14332,12.16,10.52
104,8255,1567203,6052,331662,14629,11.81,9.88
104,8780,1566579,5899,334700,14496,11.66,10.07
104,8949,1564521,5911,331543,14424,12.36,10.58
104,8653,1558851,5920,334363,14491,12.9,10.79
104,9044,1553069,5895,338026,14273,14.19,11.67
104,7874,1562505,5894,340833,14247,14.91,12.75
104,9085,1565748,5864,344636,14340,15.55,13.57
104,8364,1564777,5879,342890,14711,16.61,14.62
104,8630,1574121,5740,345007,15213,16.45,14.13
104,8983,1583151,5849,341851,15240,16.77,14.7
104,8273,1586644,5707,338408,15004,17.93,16.07
104,8206,1598904,5877,336267,15274,18.23,16.18
104,8439,1608381,5835,333869,14965,18.62,16.48
104,9017,1617851,5804,334422,14958,18,15.22
104,8638,1624128,5857,332099,15027,17.18,14.55
104,9081,1633022,5845,331052,14983,17.07,14.9
105,8406,1631215,5864,333008,15211,16.77,14.49
105,8759,1633143,5868,334822,15170,17.96,16.13
105,9164,1637194,5926,332099,15011,18.21,16.12
105,7958,1641281,5884,330375,15007,18.05,16.03
109,9248,1636260,5662,330143,14973,19.04,16.88
109,8669,1638116,5808,333831,15117,19.87,18.62
109,9000,1647149,5952,334205,15379,20.21,19.25
109,9483,1657781,5927,329029,15342,19.89,19.28
109,9228,1664275,5898,325629,15394,20.62,19.76
108,8578,1663101,5925,323394,15562,20.54,19.44
108,8633,1667253,5950,321761,15469,21.44,20.21
108,9053,1660647,5970,317236,15461,21.62,20.8
108,9138,1659535,5994,317798,15224,21.21,20.25
108,8305,1653963,6014,313255,15554,21.88,20.9
109,8245,1656302,5917,308973,15260,23,21.94
109,8809,1652061,5692,309162,15210,24.28,23.08
109,8474,1656500,5973,304905,15157,24.53,23.02
109,8678,1653873,6032,304535,15198,24.58,23.25
109,7727,1646883,6082,297326,15008,22.72,22.42
109,8832,1645228,6090,300749,14659,22.54,21.78
109,8115,1646110,6101,301018,14475,22.65,21.79
109,8763,1646337,6111,304739,14749,22.5,21.82
109,8381,1649485,6134,305137,14725,22.72,22.22
110,8362,1644613,6128,306937,14696,24.22,24.77
110,8227,1646849,6059,303874,14838,26.05,25.19
110,7450,1639655,6006,299520,14843,27.35,25.82
110,8827,1646810,6087,298769,14925,25.46,25.35
110,7548,1652363,6057,293183,14631,26.19,25.74
110,8147,1650649,6043,292352,14661,26.2,25.44
110,8238,1644277,6058,292051,14380,26.07,25.41
110,8054,1627533,6043,290332,14390,26.34,25.28
108,8508,1633865,6000,293416,13905,24.95,23.64
108,7396,1633442,6019,293331,13746,26.27,24.34
108,8448,1630990,6013,290899,13850,29.37,26.38
108,6746,1631360,5988,282481,14087,28.34,26.99
108,8333,1631853,6011,286025,13707,28.08,27.33
108,8198,1628106,5994,285839,13882,28.83,27.63
108,8265,1630900,5989,285530,14004,29.87,27.81
108,7684,1619451,6007,285859,14184,30.1,27.76
108,8818,1617619,5974,290491,14201,31.07,29.49
108,7953,1613321,5857,290922,14453,32.14,30.3
108,8628,1609211,5859,292561,14428,31.29,28.39
108,8043,1605811,5863,292411,14702,27.99,25.47
108,9282,1608807,5873,293913,14941,26.92,24.33
109,9205,1624688,5820,296797,15010,25.6,23.28
109,9124,1618548,5840,302291,15048,24.87,21.66
109,9708,1619083,5836,307361,15011,26.66,22.99
109,8701,1625531,5838,304097,15368,25.95,23.28
108,9353,1628567,5798,308587,15152,26.75,24.96
108,8908,1640870,5757,308837,15443,28.7,26.9
108,9341,1641569,5793,309786,15535,29.88,28.67
108,8672,1644701,5784,305185,15669,29.46,29.05
110,8660,1644490,5704,301196,15676,29.98,29.64
110,8846,1646899,5804,299760,15619,29.79,28.67
110,9477,1643022,5791,295199,15723,32.45,29.81
110,9374,1641633,5726,295526,15732,33.55,29.78
109,8939,1639129,5732,293732,15668,32.12,31.03
109,9756,1647765,5766,294874,15655,30.4,30.9
109,9341,1650268,5788,294389,15781,30.44,30.53
109,9915,1644433,5769,294663,15832,30.65,27.95
109,8784,1642575,5764,284110,15829,28.02,26.02
108,9429,1638650,5778,285447,15695,28.5,26.48
108,9696,1636596,5745,288847,15709,30.14,28.34
108,9318,1632399,5773,284689,15764,31.82,30.07
108,9296,1632482,5782,286736,15623,32.46,31.77
107,9671,1626588,5783,289471,15787,33.08,34.32
107,9497,1621902,5802,288544,15765,34.42,36.43
107,9034,1622814,5803,286062,15318,34.7,33.26
107,9464,1621533,5680,285561,15669,35.49,33.09
107,8990,1621171,5862,286653,15572,31.13,29.41
105,9139,1613729,5867,287730,15139,31.27,29.83
105,8914,1611837,5864,283213,14943,33.9,31.83
105,9631,1603716,5880,285618,15135,33.48,30.97
105,9320,1601542,5894,284129,15351,33.92,31.35
105,9328,1589618,5903,282510,15359,32.78,30.9
105,8561,1581602,5889,284007,15291,33.46,31.59
105,8711,1569390,5854,290171,15082,35,33.32
105,7916,1564259,5883,290093,14787,35.91,33.46
104,8712,1557114,5925,292090,15000,34.1,32.53
104,8810,1542542,5903,288721,15171,29.69,28.28
104,9445,1537585,5897,291754,15311,29.05,25.94
104,8637,1524187,5875,290503,15186,27.38,23.48
104,8877,1511138,5903,288666,15306,26.52,22.48
103,9362,1504450,5944,288315,15099,27.8,24.05
103,8508,1502361,5949,287305,15125,28.81,25.02
103,7806,1494705,5912,286195,14926,30.63,25.37
103,8751,1481243,5935,282625,14916,31.35,27.15
101,9143,1476702,5929,285621,14727,29.59,27.19
101,8988,1469889,5866,288985,14667,30.92,29.62
101,7689,1464754,5857,277105,14794,29.67,27.63
101,9041,1463909,5875,279984,15049,28.65,26.29
101,8654,1471781,5876,277315,15088,27.91,25.26
99,10212,1465319,5868,285286,14803,28.45,25.93
99,9331,1466131,5883,290288,14976,27.02,24.33
99,9882,1465215,5868,301476,14664,26.42,23.48
98,9228,1468786,5883,303161,14657,26.86,24.04
98,9480,1474511,5867,307081,14793,26.76,24
98,9864,1477332,5855,313292,15370,28.27,26
98,9415,1485490,5861,311867,15850,27.89,26.27
97,10324,1491481,5884,318192,15788,26.99,26.05
97,9644,1497599,5831,318753,15739,28.36,27.28
97,9263,1502181,5780,321229,15405,28.12,27.77
97,10241,1507627,5785,324571,15641,29.08,28.34
97,8951,1508413,5819,322829,15710,28.92,29.31
96,9846,1516239,5823,324436,16047,28.44,28.86
96,8694,1520102,5746,316232,16004,27.98,28.87
96,8709,1515597,5726,315504,15512,28.9,28.87
96,9076,1520793,5740,315496,15409,27.09,26.82
96,9573,1521376,5756,310743,15760,26.37,26.63
94,9196,1528438,5756,307753,15760,26.87,25.9
94,9986,1528267,5770,314774,15508,27.07,24.47
94,9651,1534427,5731,316154,15251,25.26,23.47
94,8893,1525922,5705,315104,15249,26.5,24.69
95,8683,1528428,5745,308607,15235,27.1,24.83
95,8516,1529323,5773,305757,15345,27.87,25.6
95,8572,1530288,5785,301754,15182,27.52,25.41
95,9400,1529608,5796,304451,15143,27.25,25.48
93,8258,1534654,5751,302497,15393,26.84,26.57
93,9107,1533140,5829,303302,15733,27.38,26.64
93,8677,1526079,5814,302676,15050,28.22,28.47
93,8778,1526116,5789,305862,14810,27.09,26.41
93,8988,1530557,5735,307474,15000,22.35,20.95
91,9556,1535508,5736,307424,15077,22.6,21.11
91,8636,1524515,5515,302984,15083,22.66,20.91
91,9361,1523798,5828,305807,15279,21.92,19.88
91,9443,1515470,5879,308263,15343,21.78,20.46
30,9350,1510890,5859,311935,15089,21.17,19.72
30,9669,1512560,5863,311668,14649,20.7,19.31
30,8759,1508594,5872,310448,14823,19.61,18.42
30,8142,1502456,5882,307268,15055,18.28,18.57
35,9891,1506833,5873,311523,15095,19.13,18.8
35,9001,1491677,5856,309114,14846,19.47,18.99
35,8807,1490840,5884,309475,14877,18.45,18.02
35,8692,1482223,5911,312088,14630,19.2,18.74
35,8167,1471180,5902,309918,14883,20.94,19.1
34,8583,1467982,5922,311055,14876,20.8,20.29
34,8517,1463729,5922,312083,14953,20.54,20.42
34,9112,1465766,5911,314832,14602,18.61,18.52
34,8517,1463277,5909,316938,14130,19.21,18.77
33,8595,1465635,5916,319310,14180,19.71,19.3
33,9136,1465403,5952,321811,14284,19.97,19.91
33,8034,1457797,5927,318703,14388,21.18,20.99
33,8016,1460656,5956,316235,14539,20.7,20.02
33,8201,1456341,5966,320549,14149,21.43,20.6
33,8160,1461323,5947,320882,14009,23.31,22.27
33,8448,1459669,5975,323490,14221,24.4,23.42
33,7858,1467786,5948,319046,14475,25.25,24.43
33,9127,1465749,5956,325071,14653,25.86,25.03
33,8849,1469715,5916,325027,14973,26.99,26.42
33,8265,1477183,5922,319362,15182,25.24,24.89
33,9133,1482519,5896,320948,15126,25.54,24.89
33,9409,1501147,5865,325520,15280,26.46,26.24
32,9160,1504847,5879,319966,15514,26.88,26.41
32,8694,1513251,5889,315779,15407,27.27,26.15
32,9101,1519267,5894,320409,15084,28.43,26.35
32,8844,1528134,5890,318873,15225,27.18,24.61
30,9165,1543227,5896,324905,15402,25.22,24
30,8658,1543971,5897,323525,15387,25.01,22.99
30,9218,1555861,5910,323042,15451,24.94,23.2
30,9030,1558697,5939,319603,15341,25.61,24.55
30,9591,1555868,5917,321176,15517,26.52,25.16
30,8417,1557415,5898,316961,15572,26.81,25.63
30,9163,1564650,5885,314981,15448,26.7,25.55
30,9226,1565333,5839,311299,15409,27.62,26.28
30,9168,1562335,5844,309322,15614,26.64,25.45
30,8686,1561506,5604,307177,15289,26.87,25.68
30,9193,1555029,5858,299972,15284,26.77,25.52
30,9398,1548193,5907,302825,15452,28.52,26.44
30,9200,1546951,5918,303089,15284,30.09,27.58
29,9233,1544860,5883,298461,15349,28.84,27.53
29,8339,1550503,5773,293174,15436,28.65,27.45
29,8665,1551587,5716,287770,15147,29.59,28.51
29,8953,1565511,5736,285178,15174,29.39,28.32
29,8509,1571365,5190,275196,14903,30.63,29.17
30,8191,1572172,4803,270472,13768,30.25,28.89
30,9502,1569446,5490,279447,13228,29.37,28.17
30,9992,1571038,5721,286224,14272,29.65,28.45
10,9015,1569884,5714,287138,14729,27.88,26.62
10,9099,1568754,5711,290533,14861,27.03,25.55
10,9177,1568143,5349,283643,14836,25.97,24.3
10,10088,1566014,5738,288098,15032,25.68,23.4
10,8957,1567895,5754,284199,15179,26.98,24.16
10,9503,1576573,5740,287275,15316,26.83,25.19
10,9730,1572120,5763,288722,15256,27.14,25.91
10,9337,1567769,5752,286661,14849,27.82,26.84
10,9145,1561442,5758,287376,14640,30.35,29.56
10,7631,1558277,5749,278250,14965,32.38,31.01
10,8289,1565668,5752,278689,14880,31.96,30.97
10,8489,1566494,5728,272260,15035,31.54,30.37
10,8745,1569653,5702,273845,14637,33.04,31.48
10,8678,1572049,5739,273337,14191,34.46,31.81
10,8379,1571551,5764,274281,13848,33.19,31.2
10,7197,1574298,5899,269841,13973,33.95,31.58
10,8762,1567979,5906,272899,14306,35.79,32.79
10,8325,1564030,5898,271865,14457,36.78,33
10,8679,1561149,5901,273562,14182,36.98,33.72
10,7621,1560042,5872,269757,14598,36.98,34.11
10,8693,1560239,5886,270229,14770,36.66,33.72
10,9655,1551070,5906,273934,14732,30.46,28.18
10,10361,1557555,5906,280667,15106,30.43,26.95
10,8917,1560161,5866,277107,15441,29.33,26.93
10,9405,1555428,5801,277239,15456,28.03,24.96
10,10614,1562219,5772,286210,15324,29.28,24.92
10,9669,1569847,5766,288032,15417,28.43,24.66
10,9856,1573420,5829,287200,15714,25.69,23.55
10,9334,1574977,5855,284477,15781,26.58,24.31
10,10073,1583702,5807,285141,15737,28.54,26.21
10,10041,1588369,5813,286168,15626,29.29,27.19
10,10521,1595582,5837,289032,16095,29.1,26.56
10,9884,1598433,5803,284365,15896,30.68,27.92
10,10302,1604019,5860,288349,15804,31.46,28.38
10,9332,1603971,5900,284204,15460,30.6,26.88
10,9466,1606792,5867,282088,15521,30.01,27.19
10,9599,1604656,5815,282224,15568,30.31,28.4
10,9732,1610167,5770,278594,15639,30.73,28.42
10,9441,1608471,5777,276255,15424,31.48,28.74
10,10084,1606925,5699,277349,15566,30.61,28.02
10,10294,1603802,5738,280218,15362,30.73,28.52
10,9970,1591829,5747,280398,15490,32.11,30.19
10,9868,1593644,5750,278812,15695,31.31,29.6
10,10246,1593539,5736,278628,15461,31.19,29.7
22,10126,1588120,5723,280389,15705,31.56,30.12
22,9648,1592271,5727,276164,15754,29.2,28.16
10,10759,1588010,5703,279313,15774,28.92,27.57
10,10299,1586915,5739,280803,15384,27.39,25.9
10,9513,1579712,5734,280756,15092,27.73,26.49
10,9852,1568372,5678,286169,14976,29.43,28.38
10,10019,1567546,5559,289966,15078,30.69,29.88
10,9513,1570247,5605,288171,15315,31.49,31
10,10159,1567458,5614,291811,15431,30.17,29.66
10,10176,1572442,5550,291860,15538,29.28,28.46
10,9948,1569038,5596,291085,15143,29.79,28.05
10,10354,1572190,5692,293995,15296,31.56,29.01
10,9151,1569435,5683,289106,15193,32.58,29.61
10,9128,1571562,5709,284277,15478,30.11,28.34
10,9531,1578667,5597,277932,15691,30.63,28.93
10,9140,1574604,5592,272808,15287,32.16,30.17
10,9515,1569696,5663,274453,15187,33.2,30.87
10,9438,1553846,5658,270676,15206,32.24,28.84
10,9759,1552119,5664,268954,15387,32.68,29.78
10,9214,1550550,5705,263970,15057,33.89,31.5
10,9803,1544400,5717,265182,14873,34.51,31.7
10,8634,1534658,5709,263666,14710,35.45,31.88
10,10488,1517815,5710,271588,14508,33.61,30.39
10,8447,1511641,5703,268882,14826,33.41,29.66
10,10160,1504907,5658,273782,14952,33.88,30.12
10,9007,1497221,5622,273782,14454,35.54,31.39
10,9837,1494284,5661,275782,14655,36.08,32.27
10,9788,1484054,5675,279509,14735,36.67,33.73
10,9498,1481402,5658,281089,14466,36.44,33.36
10,10108,1486079,5657,288621,14575,37.78,34.56
10,10077,1491545,5658,294319,14643,36.65,33.59
10,9757,1483985,5661,292226,14869,35.23,32.23
10,9461,1487027,5611,295374,14633,35.7,32.75
10,9676,1498642,5588,295582,15190,37.39,33.95
10,10469,1505382,5618,298761,15161,37.32,33.7
10,9791,1504771,5624,298856,15489,37.31,34.64
17,9926,1505084,5626,299955,15954,39.24,36.38
17,9939,1513165,5611,298859,15932,40.37,37.62
10,10493,1514278,5608,298884,15811,40.84,38.43
10,10703,1524243,5460,301663,15801,40.65,37.95
10,10483,1528055,5452,302089,16005,40.01,37.25
10,10271,1535262,5411,302941,16113,37.99,35.34
10,10188,1534443,5434,305356,15996,37.86,35.09
10,10591,1531959,5394,304852,16057,37.7,34.71
10,10138,1534225,5404,305027,16058,37.14,34
10,10054,1540156,5485,302855,15835,39.73,36.51
10,9901,1538663,5334,299282,15749,40.33,37.76
10,11324,1542009,5446,300454,16182,41.27,39.05
10,10351,1549096,5367,298639,16134,42.5,40.66
16,9524,1544629,5414,294260,15794,43.81,42.01
16,10407,1545529,5243,293049,15927,45.24,43.16
10,10549,1545618,5113,291349,16050,47.28,44.56
10,10280,1551944,5401,287117,16009,44.34,42.23
10,10711,1558009,5360,285658,16111,43.28,41
10,9914,1570601,5337,278646,16002,43.33,40.6
10,8426,1580070,5087,269534,14740,44.39,41.55
10,9886,1585784,4946,272935,14003,47.82,45.3
10,10180,1590778,4656,274033,14852,49.71,47.11
17,10054,1591741,5033,278236,14503,51.77,48.09
17,10097,1593055,5090,279434,14783,54.12,50.96
17,10317,1598208,5110,283378,14883,54.43,50.5
17,10676,1596453,5176,289650,14958,53.43,50.15
16,10495,1592874,5319,291511,15401,49.81,45.78
16,10229,1592314,5391,292326,15598,48,42.83
10,10189,1585613,5395,292411,15530,47.02,40.63
10,10056,1587200,5408,293260,15605,48.79,42.78
10,10864,1583054,5396,293917,15745,46.06,41.31
10,10366,1571933,5439,293791,15693,41.91,37.6
10,10545,1569855,5461,295915,15568,43.5,39.98
10,9863,1565428,5421,295056,15715,44.39,41.15
10,9775,1570107,5430,291837,15796,42.52,39.79
10,9973,1567586,5430,288807,15610,44.07,42.07
10,10120,1566866,5417,292208,15215,46.79,44.59
10,10458,1555776,5456,295637,15175,47.85,45.08
10,9886,1553576,5437,295313,15214,48.56,45.82
10,9914,1544084,5421,294287,15038,46.97,44.04
10,10434,1544067,5427,296429,15304,46.08,43.29
10,9643,1541246,5436,297037,14968,47.82,45.22
10,10065,1545205,5492,299432,14887,51.75,48.23
17,10099,1553052,5489,302629,14930,52.74,51.33
10,10041,1555491,5504,305222,15110,54.22,53.09
10,10270,1562650,5480,309319,14960,55.93,54.85
10,10568,1569810,5496,314702,15182,52.95,53.76
10,9890,1565084,5504,317062,15534,54.97,52.23
10,9863,1560786,5428,320716,15246,55.24,53.79
10,9718,1566648,5441,318943,15383,51.44,50.43
10,10863,1575594,5415,324358,15300,52.39,51.23
10,10259,1584720,5423,327038,15392,52,51.64
17,9992,1589224,5510,329704,15366,50.64,50.05
20,10859,1593056,5521,334047,15524,50.33,48.7
20,10311,1594367,5539,332360,15843,47.77,46.98
20,10698,1603975,5537,333848,16086,50.15,48.59
17,10220,1608310,5515,330754,16060,53.76,50.46
17,10617,1612915,5542,328971,16341,53.74,51.9
17,10177,1617563,5541,327392,15955,56.18,54.17
17,10971,1622679,5359,328496,16270,59.04,56.95
19,10219,1628798,5498,324883,16464,58.21,56.69
19,9954,1629700,5463,320984,16080,60.36,57.98
19,10825,1631408,4758,320084,15580,59.18,57.43
19,9940,1639745,5448,317839,15753,57.3,56.39
19,10956,1642960,5149,318035,16036,59.39,58.5
19,11057,1641949,5417,320832,15972,61.64,60.42
19,10305,1643953,5359,321073,15641,64.85,64.46
19,10577,1646204,5395,322925,15676,64.92,64.23
19,10463,1646591,5427,321405,16248,66.34,65.68
19,9531,1647526,4360,314952,14619,68.47,66.09
19,9128,1644198,4268,308392,14669,64.81,63.24
19,9832,1631698,4500,308070,15329,63.84,61.22
19,9693,1632834,4348,305658,14620,66.43,63.63
19,8119,1632540,3813,305412,11715,66.06,62.16
20,8619,1630762,3901,306429,12583,63.06,58.93
20,9207,1627491,4147,311984,13285,62.87,58.59
20,9957,1629398,4108,316398,13596,62.28,58.15
20,10060,1633400,4068,319132,13942,61.33,58.5
20,10584,1636996,4306,323556,14258,60.34,58.74
20,9700,1636008,4583,321397,14479,58.8,56.79
20,10219,1637873,4579,321751,14910,57,53.77
20,9693,1644205,4765,317563,15149,58.13,53.57
20,10579,1651433,5021,320283,15408,57.78,53.59
20,10429,1648950,4933,321175,15220,59.83,56.07
20,9859,1648671,4890,322475,14922,60.32,58.75
20,10189,1641866,4891,322593,15087,57.97,56.36
20,10058,1639828,4864,321580,15242,59.82,57.38
20,9870,1635836,5023,318693,15261,63.39,61.72
20,9846,1639597,5110,321434,14693,63.74,62.18
20,9257,1638489,5119,319125,14679,66.79,63.54
21,9596,1636362,4862,321044,14721,66.82,63.77
21,9860,1632398,4903,320726,14518,66.59,64
21,10264,1631732,5003,325579,14602,63.06,61.23
21,9959,1631662,4997,326700,14554,59.37,58.04
21,9878,1632536,4985,328338,14466,59.93,59.39
21,10145,1634613,5054,335101,14075,62.27,61.06
21,9940,1631114,5154,339937,14388,60.89,59.5
21,9331,1633028,5027,338627,14643,62.64,62.42
21,10100,1640122,5016,340657,14728,61.36,61.61
22,9953,1643406,5024,342767,14644,65.67,64.76
22,9539,1650445,5053,345997,14575,66.56,66.93
22,9665,1650281,5125,345191,14721,68.85,68.91
22,9864,1657898,5127,344965,15064,71.87,72.54
22,9811,1663384,5122,346692,15043,70.38,72.84
21,10007,1671131,5128,346964,15315,72.14,72.92
21,10383,1679729,5069,346899,15336,71.5,70.44
21,9557,1684170,5093,343901,15333,69.07,67.84
21,10842,1691981,5088,345500,15519,70.35,68.47
21,10881,1692493,5097,346646,15634,71.53,68.75
21,10547,1696314,5211,345666,15830,71.54,67.89
21,10994,1699841,5198,347051,15968,69.48,66.17
21,10546,1709459,5162,343722,16124,69.94,68.33
22,10539,1711778,5129,341301,15940,72.65,71.82
22,9619,1713441,5275,335316,15496,74.65,73.45
22,10701,1716369,5265,335467,15906,75.21,73.99
22,10507,1714617,5141,335497,15817,73.98,73.52
22,10431,1719712,4940,333723,15516,73.87,73.53
21,10165,1723866,5144,332609,15608,75.2,76.32
21,10022,1721378,5150,331002,15578,75.63,76.98
21,10197,1722289,5087,330359,15747,71.79,72.35
21,11153,1725015,5099,332840,15801,72.12,71.92
21,10365,1710114,5101,330628,15993,70.01,68.35
21,10597,1704692,5076,327724,16018,67.53,65.76
21,10592,1708792,5109,324876,15953,63.98,61.38
21,11083,1710339,5106,324767,15846,61.4,60.23
21,10513,1698194,5151,328122,15273,61.94,58.76
21,10364,1688534,5253,330530,15296,59.77,57.15
21,10430,1692970,5132,335550,14813,58.58,58.33
21,9494,1691145,5221,332345,14871,58.48,58.51
21,10093,1690789,5307,334255,15277,58.88,57.73
21,9787,1701652,5329,334690,15153,58.55,56.48
21,9450,1700804,5326,335973,14932,59.96,58.02
21,10490,1702112,5269,341134,14992,57.56,57.85
21,9758,1704985,5030,340774,15161,57.24,59.2
21,10299,1711259,5368,339725,15480,62.02,62.59
21,9598,1712547,5357,335430,15311,62.32,63.63
21,8902,1704178,5348,329107,15543,61.91,62.56
21,9129,1696832,5361,320975,15625,62.4,62.44
21,10126,1694168,5369,319676,15529,60.66,59.69
22,9505,1695504,5370,314686,15603,57.76,55.63
22,11057,1700734,5317,321454,15101,54.11,51.79
22,9808,1704806,5241,322243,14896,51.51,51.4
22,9967,1705862,5224,324927,14784,53.57,54.87
22,9547,1708947,5283,324478,14837,57.11,55.92
22,9584,1713110,5316,323889,14836,58.99,57.9
22,9742,1711459,5323,327583,14420,58.41,55.54
22,9522,1707809,5285,329004,14616,59.57,58.16
22,8872,1709262,5267,324156,14757,61.64,60.62
22,9802,1706224,5218,325336,14592,60.85,60.35
22,10418,1701130,5235,329260,14789,57.94,60.87
22,9632,1698328,5218,328414,14956,58.26,61.09
22,10245,1694307,5243,332721,14841,64.18,66.1
22,9804,1691766,5179,333399,15072,64.82,68.55
22,9919,1686355,5125,332405,15444,62.58,68.2
22,10035,1689375,5128,334479,15086,63.06,66.21
22,10264,1692068,5089,335648,15132,65.26,67.39
22,10991,1697922,5131,341159,15306,63.82,66.04
23,10332,1700255,5201,342220,15340,61.9,63.91
23,10892,1703862,5207,344189,15691,63.61,67.55
23,10018,1711981,5148,342233,15615,64.89,70.65
23,10240,1718331,5180,342345,15380,63.94,68.45
23,10141,1724992,5170,342427,15371,65.9,71.23
23,10791,1732842,5093,349329,15022,66.62,69.89
23,10501,1733398,5108,350891,15430,68.78,71.78
23,10778,1733666,5122,354042,15544,69.13,71.76
23,10025,1731019,5198,352580,15561,71.78,74.79
23,10375,1737661,5201,352131,15650,72.79,77.76
23,10378,1740186,5184,351028,15822,74.92,78.24
23,10165,1745326,5206,344531,16210,75.15,76.66
24,9998,1743353,5142,340395,15791,76.75,76.34
24,9873,1744511,5192,335228,15783,71.92,70.7
24,10815,1748773,5119,337118,15727,72.05,70.09
24,9822,1752783,5161,333632,15469,70.19,68.44
25,10237,1754528,5021,329660,15901,72.93,70.55
25,9563,1758970,5129,322649,15564,75.96,75.06
25,9805,1763232,5039,318775,15357,78.95,76.89
25,10442,1772390,5027,320617,15018,82.26,78.17
25,10253,1776418,5064,321755,15154,81.7,78.15
24,9869,1777028,5059,320081,15111,80.59,77.98
24,10408,1771242,5102,321865,15123,81.46,78.85
24,9103,1760167,5122,316577,14940,87.8,84.29
24,9381,1757066,5114,312683,14927,89.23,83.72
25,9656,1750287,5126,311862,14884,93.46,90.42
25,10487,1741358,5134,314676,15048,95.81,93.54
25,9820,1745233,4942,313605,14897,93.56,90.74
25,10354,1737686,5117,313153,15470,97.93,94.01
25,9374,1733457,5133,305240,15450,92.47,92.16
25,10063,1725988,5117,304518,15278,88.71,89.09
25,9111,1718058,5110,296932,15240,91.18,90.24
25,9805,1710690,5117,293633,15218,91.16,90.82
25,10009,1712490,5078,289577,15382,95.64,94.39
25,9806,1719887,5051,282841,15771,98.17,96.5
26,10389,1728942,5013,287100,15011,94.76,94.4
26,10156,1730402,5042,289397,14920,91.51,90.03
26,10056,1730705,4998,292952,14618,89.41,88.46
26,10514,1720278,5013,300004,14492,91.14,91.77
26,9737,1708986,5044,301070,14561,89.08,89.88
26,10102,1697925,5034,305274,14464,94.13,94.98
26,9958,1689048,5044,308505,14624,99.61,97.13
26,9437,1673205,5050,305449,14868,100.84,99.1
26,10548,1670640,5100,311626,14622,103.44,101.9
26,9468,1667730,5100,311759,14427,109.35,107.69
26,8898,1668125,5103,311847,14135,105.28,103.05
26,10283,1670773,5087,319164,14207,104.49,102.05
26,8912,1670590,5097,316016,14349,103.46,100.88
26,8879,1671068,5096,313660,14236,109.71,106.6
26,10041,1671059,5101,316081,14827,114.33,110.42
26,10215,1671508,5098,319929,14748,118.53,114.34
26,10628,1677982,5099,325583,14649,115.42,111.98
26,9933,1685035,5128,325759,15054,123.01,119.84
26,9237,1691495,5045,320442,15083,124.96,122.58
26,8959,1693530,5128,311559,15297,130.14,126.47
27,9786,1697482,5139,306757,15480,128.47,128.76
27,9688,1698149,5114,302197,15319,128.16,126.33
27,10259,1708031,5145,300955,15439,134.8,134.12
27,10251,1708593,5120,301758,15258,134.34,132.08
27,10168,1716834,5123,299776,15413,137,135.54
27,9547,1719401,4960,293936,15488,142.52,141.07
27,10791,1720650,5139,296888,15467,139.95,137.43
27,9806,1725390,5165,295330,15112,135.37,135.05
27,10005,1724648,5160,295249,15162,125.92,126.7
27,10193,1724351,5172,296863,15039,124.57,124.43
27,9655,1719844,5139,296547,14823,118.8,116.56
27,10991,1720355,5078,305937,14811,114.4,110.16
27,9979,1718196,4906,305760,15111,115.7,111.66
26,9830,1712779,5097,303862,15258,116.09,112.4
26,8581,1709585,4084,298034,13483,108.37,103.69
26,8510,1707196,3988,291706,13237,102.88,97.28
26,7143,1713009,3932,290186,11504,97.19,89.35
26,8989,1714223,3839,294464,12452,111.12,100.91
27,10346,1713838,4422,302587,14024,96.59,91.9
27,10161,1716875,4572,308198,14115,86.24,80.98
27,10400,1709575,4630,311380,14562,75.19,69.28
27,10337,1708582,4675,311873,14851,68.56,64.4
27,9972,1707767,4776,311927,14617,65.21,60.61
27,9503,1709056,4885,311949,14463,64.31,59.43
27,9871,1702271,4943,313548,14558,58.6,53.27
27,10959,1700488,5006,320828,14838,52.26,47.79
27,9504,1697333,5118,320372,14580,53.27,48.53
28,9959,1696248,5152,320764,14967,45.6,43.7
28,9673,1687994,4967,321289,14552,44.57,41.01
28,9118,1677437,4972,318188,14511,39.7,41.71
28,9249,1670952,4979,318737,14190,32.98,35.38
28,10485,1663053,4935,325419,14522,42.4,37.04
28,9729,1668186,4917,326563,14586,44.46,45.25
28,9866,1670415,5052,332663,14145,36.73,42.38
28,9708,1669462,5045,338881,14136,42.15,41.67
28,10037,1679112,5235,346051,14341,42.7,44.2
28,9652,1679983,5327,350768,14127,40.78,43.64
29,8793,1676276,5323,350630,14143,36.94,45.59
29,8769,1679162,5300,351347,13936,37.15,40.91
29,9028,1674838,5373,350590,14345,41.1,42.68
29,9121,1681534,5401,351339,14116,43.18,43.86
29,9180,1679305,5414,353281,14180,45.66,43.98
29,9384,1672771,5432,356583,14135,49.49,46.43
29,9554,1674518,5480,359427,14158,52.99,51.46
30,9332,1666537,5469,361072,14287,50.34,48.49
30,9391,1659173,5482,366743,13987,50.46,51.48
30,9855,1660080,5421,370600,14516,49.86,51.59
31,9824,1669119,5269,374653,14334,47.8,48.97
31,9920,1674603,5280,375258,14754,50.2,49.92
31,8708,1680305,5306,370629,14424,55.96,54.83
30,8791,1680545,5352,368524,14109,57.94,56.39
30,8778,1671441,5364,363111,14733,60.32,57.89
30,9646,1672516,5358,365977,14725,64.32,62.2
30,8970,1672916,5358,361595,14750,68.11,67.17
30,9037,1673999,5273,357721,14677,70.85,69.88
30,9284,1679575,5257,353853,15031,70.62,69.68
30,9363,1682792,5163,350193,14992,68.58,67.58
30,9224,1679648,5171,347297,14966,69.32,68.03
31,9549,1687249,5171,344484,15105,61.48,60.39
31,9203,1689328,5176,342688,14779,61.29,61.11
31,10024,1691981,5107,347840,14608,65.28,66.56
31,9287,1695142,5246,349510,14434,67.03,68.6
31,9530,1690080,5172,352029,14365,71.58,73.99
31,8113,1698362,5169,343632,14504,69.64,72.9
31,9225,1700622,5173,343760,14483,70.8,71.52
31,9576,1697008,5244,343388,14951,72.37,72.33
31,9095,1681861,5266,337482,15105,68.39,67.6
31,8903,1669885,5304,332753,15049,70.91,69.17
31,9794,1650595,5300,335608,14733,71.32,68.85
31,9533,1649700,5375,338404,14591,68.33,66.96
31,9098,1667304,5360,337426,14607,68.84,65.9
32,8731,1678787,5377,337760,14097,70.8,67.87
32,8699,1688055,5371,339072,14070,75.73,72.29
32,8890,1694711,5357,339850,14203,80.06,77.24
32,8126,1699867,5391,335914,13970,78.47,76.07
32,8656,1700982,5506,337676,13825,79,76.6
32,8579,1703758,5317,336789,13794,78.24,76.25
32,8950,1713451,5433,337808,13971,78.37,77.04
32,8401,1713065,5561,339899,13844,76.14,76.52
32,8137,1719726,5538,336076,13921,76.81,77.78
32,7772,1716992,5524,332387,13804,71.51,73.14
32,7707,1715401,5524,327546,13777,71.72,71.8
32,8027,1711261,5512,326008,13879,74.76,73.35
32,8355,1718882,5507,327337,13792,79.07,77.19
32,8895,1727238,5496,331036,14005,82.34,79.82
33,8540,1739202,5404,330565,13824,80.06,78.31
33,7867,1743469,5421,326677,13624,76.62,74.28
33,8426,1745615,5403,328994,13461,73.94,71.88
33,8342,1748537,5475,331418,13590,74.57,72.54
33,8548,1742448,5482,334503,13772,73.88,70.85
33,9084,1739732,5505,337537,14107,78.25,75.8
33,9236,1741497,5510,341571,14074,79.22,76.23
33,8492,1744915,5527,343003,13925,80.19,77.86
33,8428,1749767,5540,344015,13940,81.76,79.36
33,9397,1754450,5536,351260,14042,81.44,79.05
33,9060,1762537,5489,354189,14234,80.65,78.38
33,9561,1767313,5473,356165,14604,83.01,80.59
33,8880,1776741,5475,353963,14813,85.66,83.88
34,9613,1789377,5466,355857,14678,84.34,85.23
34,9681,1796026,5488,357820,14956,82.9,84.61
34,9951,1806080,5522,360575,15146,84.22,85.98
34,9687,1805689,5533,362524,15036,80.24,82.5
34,9829,1805664,5516,362686,15192,74.98,78.32
34,9928,1809152,5540,365146,15085,69.14,72.17
34,9455,1824313,5320,363244,15105,70.62,70.79
34,9535,1822599,5445,361415,15187,72.91,72.71
34,9699,1821637,5503,363105,15114,73.44,72.76
33,10112,1827446,5501,365122,15191,76.7,76.22
33,9481,1832472,5257,363115,15093,77.06,76.64
33,9413,1837609,5414,358154,15228,74.96,73.86
33,9281,1839792,5352,353096,15469,74.39,73.95
33,9977,1841648,5460,353456,15517,76.35,75.7
33,11153,1847231,5486,360764,15462,77.56,76.64
33,9629,1844473,5440,357980,15575,78.12,77.24
33,9441,1845640,5239,354992,15066,81.79,82.69
32,9561,1832842,5352,354174,15238,78.17,78.21
32,9881,1829701,5511,358282,14890,74.84,74.94
32,9679,1825238,5602,361707,14822,72.91,72.82
32,8885,1820119,5603,359854,14912,74.02,75.41
33,9027,1817345,5573,357365,15006,74.82,77.17
33,9322,1825893,5556,358335,15047,75.62,78.44
33,9005,1830502,5562,357860,14666,73.76,78.38
33,8926,1834251,5514,360948,14151,78.41,79.82
33,8128,1828449,5528,360532,13920,82.29,83.87
33,8600,1824307,5536,361199,13967,82.16,83.11
33,9463,1822699,5540,366206,14138,81.15,81.43
33,8578,1814306,5593,368156,13905,82.03,82.25
33,8089,1815249,5596,364882,14058,84.93,85.6
34,7864,1811089,5597,357596,14275,86.91,87.43
34,9024,1810213,5581,358625,14284,82.23,83.94
34,8446,1816155,5555,359691,14114,82.28,83.51
34,9053,1812398,5582,355872,14903,86.75,88.1
33,7690,1799718,5604,346018,14974,88.5,90.25
33,8741,1785573,5598,340685,14926,88.27,90.91
33,8813,1777446,5575,339427,14929,89.66,92.9
33,8446,1775647,5598,335266,14988,90.97,93.17
33,8895,1779189,5575,333112,14728,89.54,94.72
33,8999,1777609,5205,335729,14339,91.02,97.09
33,9385,1771874,5321,340565,14127,89.75,97.34
33,9014,1772645,5568,343159,14302,86.11,96.62
33,8909,1774535,5597,345057,14344,89.52,100.36
33,8266,1772118,5610,345917,13863,85.51,99.9
33,8106,1773561,5604,346739,13535,84.13,102.81
33,8010,1773209,5591,346375,13798,95.26,110.49
33,8300,1767891,5593,348891,13943,101.05,114.53
34,8681,1765448,5591,350636,14182,103.74,114.45
34,8987,1765798,5570,352767,14349,99.79,112.67
34,9128,1769004,5568,355712,14332,104.41,115.41
34,8950,1776160,5638,357664,14371,105.08,116.49
34,8571,1775873,5635,359291,14017,109.29,123.03
34,8053,1786615,5625,356969,14104,107.75,123.57
34,9266,1799507,5610,363125,14077,109.11,122.74
34,8877,1809298,5623,366546,14059,112.3,125.36
34,8964,1812723,5609,370327,14108,105.84,119.56
34,8570,1813921,5618,370312,14347,99.87,114.53
34,9232,1819755,5583,370928,14841,97.99,112.02
34,9518,1817489,5609,373806,14851,99.55,113.41
34,8600,1817042,5633,368961,15112,100.92,115.68
35,8638,1821477,5643,365555,14869,100.05,117.73
35,9149,1824156,5650,363844,15278,95.87,116.79
35,8878,1827729,5593,359469,15247,92.7,110.18
35,9854,1828090,5520,358580,15315,93.7,109.03
35,9000,1831276,5578,355456,15218,97.12,115.39
35,9343,1836405,5591,351729,15621,96.72,117.72
35,9840,1845401,5377,354025,15360,98.01,118.2
35,9134,1851503,5523,354975,15489,97.83,117.7
35,9100,1851636,5529,349750,15624,90.85,112.65
35,9285,1856973,5561,353983,15419,82.86,105.3
35,8808,1865892,5591,351770,15663,85.36,109.54
35,9607,1869928,5598,357051,15444,85.06,111.06
35,8537,1870122,5642,353088,15450,88.07,116.11
35,8542,1867204,5083,346384,15024,87.91,115.97
36,8351,1870097,5747,339048,15307,88.93,114.98
36,9702,1865156,5756,340963,15177,83.65,111.98
36,8700,1865241,5800,336284,15104,81.18,107.69
36,9086,1860730,5878,337628,14541,79.43,104.03
36,7921,1858706,5891,332899,14407,85.35,111.59
36,9373,1859333,5876,337634,14660,86.82,111.47
36,8954,1853873,5818,339460,14693,92.32,111.33
36,8618,1842057,5846,338090,14335,93.24,109.84
36,8565,1832953,5894,337034,14679,96.97,114.68
36,8319,1832695,5887,330815,14796,99.32,110.69
36,9061,1832651,5864,334747,14565,96.89,106.67
36,9436,1827337,5861,336083,15247,99.91,110.05
36,8322,1811702,5862,334151,14657,100.08,109.31
36,7581,1805697,5862,323581,14604,96.06,106.26
36,8990,1796538,5846,327480,14585,97.74,107.72
36,9024,1790212,5851,329689,14756,99.81,107.51
36,9907,1791153,5844,334647,14937,102.39,112.51
37,8265,1793516,5726,331209,14585,100.43,111.78
37,8853,1795912,5722,334767,14306,99.95,109.6
37,8880,1801451,5720,338942,14217,99.35,109.18
37,8413,1804627,5763,339246,14397,97.8,111.2
37,8756,1796241,5819,339075,14719,98.56,117.21
37,9091,1784155,5817,340708,14889,101.73,119.79
37,9187,1777626,5814,344868,14607,107.18,123.34
37,8712,1771352,5806,345700,14589,107.52,124.88
37,8716,1766230,5830,347450,14463,106.32,126.62
38,8224,1765332,5826,346288,14363,106.15,126.22
38,9269,1768661,5821,353390,14451,106.41,124.35
38,9774,1768903,6049,362399,14750,105.12,124.43
38,8522,1763952,6040,365190,14355,103.52,124.18
39,8718,1757213,6043,369046,14454,102.55,120.87
39,8766,1760122,6113,373024,14477,103.15,117.18
39,8822,1767643,6121,375864,14707,103.78,118.1
39,8967,1774066,6136,379516,14742,103.47,116.67
39,8881,1774000,6149,381644,15044,96.98,111.78
39,8583,1780761,6239,382527,14987,93.11,109.87
39,9056,1787998,6227,384740,15169,90.88,108.14
39,8957,1789476,6245,384629,15468,87.06,103.47
39,9117,1788854,6236,384438,15620,84.43,99.03
39,9445,1791938,6353,387299,15608,83.27,97.21
39,9118,1791615,6257,387166,15645,81.11,92.46
39,8774,1792092,6094,382896,15631,80.23,91.23
39,8626,1796406,6249,378200,15774,85.74,98.8
39,8937,1800204,6245,377391,15538,85.78,99.88
40,9633,1809366,6364,380108,15796,90.34,105.4
40,8406,1807420,6320,373586,15571,88.88,104.18
40,8627,1796684,6218,369857,15607,89.1,107.27
40,8717,1795316,6181,366158,15711,93.14,112.49
40,8207,1794489,6246,360746,15438,94.43,115.04
40,9495,1794109,6258,364524,15380,96.22,116.1
40,8035,1784892,5486,357098,14608,95.68,113.02
40,8565,1779271,5526,359092,14321,95.68,114.11
41,9848,1774019,6277,367626,14916,97.56,115.41
41,7595,1775145,6509,365180,14624,93.7,111.83
41,8106,1770513,6520,364698,14846,91.35,110.35
41,8221,1769116,6598,366370,14749,90.81,111.41
41,8347,1758189,6606,369230,14819,91.42,114.88
41,8823,1758889,6610,375126,14802,91.59,113.59
41,7922,1760695,6669,373081,14850,86.35,108.27
41,8011,1745352,6677,374847,14667,85.87,108.85
42,7870,1736650,6709,375936,14612,85.98,107.78
42,7768,1732752,6710,374470,14889,85.87,109.12
42,8118,1740413,6818,374123,15174,87.4,110.26
42,8230,1749931,6817,371766,15429,87.27,109.82
42,8499,1751935,6852,372609,15367,87,109.08
43,8399,1733766,6863,371645,15594,85.71,109.1
43,8025,1736867,6984,371059,15328,88.24,109.79
43,7094,1740268,6985,359939,15341,90.14,109.81
43,8342,1749706,7002,361253,15257,92.77,112.35
43,8030,1747643,7041,360302,15101,93.38,112.37
44,7730,1743368,6989,363115,14206,94.58,111.35
44,8068,1751422,6993,369062,14481,95.41,113.72
44,7569,1755592,6997,371685,14431,97.33,115.13
44,7513,1751622,7064,372245,14310,96.18,117.15
44,7689,1754874,7118,376388,14176,96.95,118.1
44,7958,1755412,7096,377518,14511,94.38,115.3
44,7308,1753995,7093,381351,14031,92.19,112.42
44,7535,1749552,7159,383975,13994,91,109.98
45,7317,1751096,7150,382661,14514,92.7,108.41
45,8158,1757416,7151,385917,14878,93.05,107.33
45,7931,1769782,7151,388624,15008,96.08,107.68
45,7720,1765854,7181,388874,15114,95.07,107.06
45,7431,1763629,7208,387641,15074,93.36,103.25
47,7564,1763610,7326,388588,14488,88,98.09
47,8166,1765516,7312,395284,14710,91,100.61
47,7606,1767050,7369,395514,15180,93.4,101.53
47,7623,1769922,7321,394890,15253,95.84,103.77
48,8130,1770979,7258,394552,15249,94.65,102.91
48,7817,1776475,7292,397552,15029,94.76,102.3
48,7268,1783260,7300,391285,15462,93.32,102.03
48,7850,1784416,7224,393808,15237,94.25,102.92
48,8436,1795497,7129,394121,15531,96.36,103.39
50,8298,1798094,7261,394139,15704,96.65,103.93
50,7407,1794019,7267,383792,16090,95.83,101.43
50,7525,1796973,7401,373918,16118,100.65,105.18
50,7705,1798403,7490,367016,16237,104.7,108.26
52,8032,1808533,7555,364191,16031,106.88,109.41
52,8168,1801309,7542,364622,15965,105.88,108.4
52,7914,1800265,7560,363302,15893,105.54,108.61
52,7917,1795683,7571,360490,15611,105.17,108.56
55,7951,1792678,7518,359062,15845,106.97,110.73
55,8374,1797340,7609,362048,15774,105.48,111.12
55,8255,1787728,7621,360212,15936,108.33,115.32
55,8017,1790083,7745,359993,15896,108.77,116.03
55,7578,1801487,7827,355625,16110,108.36,113.22
56,7925,1798820,7777,358260,15591,106.22,109.98
56,8363,1796389,7784,363732,15445,103.1,108.8
56,8043,1792023,7809,370539,14890,103.14,108.63
56,8004,1789349,7428,374538,14853,102.7,110.3
56,7656,1793319,7896,379784,14855,101.51,110.11
56,7459,1793216,7853,383871,15052,97.57,107.82
56,7224,1793934,7858,385448,15068,96.94,107.61
56,7844,1789206,7981,388088,15411,94.31,104.54
56,7863,1782996,7974,388463,15447,93.94,107.1
57,7718,1781569,8019,391416,15551,93.92,109.32
57,7809,1787501,8011,385831,16106,92.97,111.32
57,6862,1793417,8075,375246,16131,96.21,112.28
57,7732,1791472,8058,372305,15931,97.23,109.1
58,7535,1794474,8111,367574,16233,97.85,110.34
58,7495,1784451,8121,360567,16247,99.15,111.72
58,7961,1795397,8145,357892,16134,96.47,108.73
58,6889,1799148,8159,350234,15731,92.42,107.01
58,7544,1796511,8052,351224,15216,92.98,107.83
61,8048,1798677,8044,357645,15417,96.19,109.14
61,6887,1799109,8044,358085,15049,97.29,108.83
61,7929,1791908,8132,361352,15215,97.78,107.73
61,7421,1790659,8148,362325,15178,100.21,109.12
64,7037,1784764,8059,362393,15299,102.93,109.74
64,7112,1782338,8077,363822,15212,102.77,109.17
64,7311,1776756,8182,370002,14987,103.07,109.14
64,7309,1775300,8215,375852,14951,99.55,108.01
64,7617,1773389,8190,382471,15092,99.77,106.53
67,6831,1773278,8192,380092,15315,100.66,106.54
67,7312,1779132,8229,384122,15337,100.46,105.26
67,8271,1781760,8301,394135,15613,102.72,106.51
67,7796,1779820,8360,397659,15980,103.95,109.07
71,7483,1792175,8352,399357,15954,102.11,109.21
71,6885,1795645,8350,397576,15904,100.51,109.15
71,7127,1798297,8428,398523,15667,100.29,108.48
71,6469,1802525,8434,391297,15949,101.92,109.53
74,7809,1812274,8472,392954,15851,103.82,110.72
74,7123,1811098,8383,389523,16057,103.95,109.62
74,7146,1823904,8460,386927,15547,103.23,108.98
74,7234,1830666,8477,386348,15397,105.97,110.98
273,7341,1839982,8446,388090,15672,107.23,114.29
273,7265,1825317,8442,384935,16218,106.69,113.09
273,7285,1818081,8514,382565,16252,105.52,110.26
273,7427,1817871,8592,375040,16626,103.25,107.03
273,7407,1815589,8565,371071,16598,102.37,105.39
295,7744,1817205,8443,367374,16551,104.35,106.34
295,7563,1817958,8453,365618,16393,102.19,105.71
295,7846,1816103,8556,367019,16214,97.5,103.6
295,7459,1813283,8577,362545,16418,97.17,101.94
385,7633,1815450,8631,360475,16542,94.95,99.88
385,7675,1817215,8630,359570,16428,96.25,100.64
385,7621,1821302,8590,358598,16332,94.06,100.45
385,8114,1815225,8838,362271,16304,92.43,97.32
385,6870,1816706,8867,357998,16214,93.52,97.02
420,7284,1821738,8837,356635,15689,93.15,95.01
420,7712,1823455,8875,361650,15554,91.44,93.41
420,7740,1823344,8951,370573,15321,87.63,90.19
420,7477,1827043,8934,377684,15208,82.88,85.5
411,7101,1821252,8970,379745,15129,82.12,85.58
411,6675,1812855,8972,380205,15485,81.29,85.56
411,6877,1806930,9063,378470,15752,78.24,83.04
411,7638,1795196,9004,381078,15913,76.5,79.9
374,7473,1793557,9077,383024,15957,75.38,77.62
374,7303,1786470,9083,379335,16356,72.36,76.63
374,7668,1781747,9118,380789,16627,67.18,69.72
374,7104,1769150,9137,379942,16301,61.14,64.08
388,8292,1756444,9127,387209,16341,55.89,59.77
388,7061,1749826,9121,385455,16377,55.58,58.69
388,6856,1752899,9132,382393,16420,53.44,56.03
388,7492,1742639,9192,387782,15893,48.77,49.47
388,7218,1738680,9186,397853,14909,47.07,46.58
502,7422,1734911,9213,406727,15256,46.46,46.44
502,7387,1729598,9177,413060,15544,45.32,46.76
502,7286,1731646,9226,417928,15564,50.58,54.62
502,7105,1729146,9280,425644,15442,51.14,56.57
478,7279,1728648,9285,434071,15243,51.69,60.57
478,7368,1730830,9324,444374,15113,49.16,60.63
478,6793,1729261,9366,448886,15300,50.38,60.12
478,7496,1728749,9419,458508,15436,47.69,56.51
503,7392,1734207,9422,466678,15530,44.39,52.72
503,7348,1732936,9386,471444,15728,48.68,55.01
503,8217,1738187,9404,482393,15929,48.91,54.79
503,7148,1752025,9384,483687,16212,51.78,56.51
503,7765,1763509,9366,489002,15982,54.78,59.12
467,7446,1770466,9373,490912,16100,56.14,61.41
467,6541,1776928,9369,487030,16347,57.98,63.49
467,6881,1779032,9374,484839,15968,59.73,65.01
467,7199,1780560,9262,482165,16213,60.01,64.9
441,6696,1783755,9566,479363,16450,58.95,64.31
441,7373,1792550,9586,477415,16407,58.19,61.57
441,6623,1798735,9610,470603,16576,59.66,61.9
441,7067,1804779,9589,467927,16282,60.07,63.24
571,6765,1809952,9604,462993,16532,59.89,60.65
571,7513,1809512,9595,465379,16531,60.01,60.84
571,7316,1814081,9604,465763,16596,57.92,60.36
571,7354,1815307,9562,461417,16825,52.38,56.63
571,7941,1820544,9558,463885,16870,51.68,57.17
571,7545,1820051,9413,459682,16762,49.21,55.75
576,7180,1811651,9465,455275,17075,47.91,54.14
576,7573,1813170,9395,453593,17029,44.94,48.59
576,8038,1812488,9348,456213,16775,43.2,47.94
477,7199,1813910,9337,450761,16658,41.34,46
477,7855,1815387,9218,455428,16389,40.73,43.53
477,7459,1824860,9135,457998,16110,46.73,48.69
477,7189,1829762,9117,455894,16513,45.33,47.6
477,7176,1830686,9136,453969,16203,45.48,47.34
